image,type
IMAGE_2020-04-02_16:13:42.jpg,meme
IMAGE_2020-04-02_16:17:26.jpg,meme
IMAGE_2020-04-02_16:10:07.jpg,meme
IMAGE_2020-04-02_16:15:23.jpg,meme
IMAGE_2020-04-02_16:11:53.jpg,meme
IMAGE_2020-04-02_16:10:12.jpg,meme
IMAGE_2020-04-02_16:21:24.jpg,meme
IMAGE_2020-04-02_16:21:18.jpg,meme
IMAGE_2020-04-02_16:17:31.jpg,meme
IMAGE_2020-04-02_16:10:38.jpg,meme
IMAGE_2020-04-02_16:15:20.jpg,meme
IMAGE_2020-04-02_16:12:01.jpg,meme
IMAGE_2020-04-02_16:11:50.jpg,meme
IMAGE_2020-04-02_16:16:58.jpg,meme
IMAGE_2020-04-02_16:12:14.jpg,meme
IMAGE_2020-04-02_16:14:49.jpg,meme
IMAGE_2020-04-02_16:21:09.jpg,meme
IMAGE_2020-04-02_16:13:50.jpg,meme
IMAGE_2020-04-02_16:14:59.jpg,meme
IMAGE_2020-04-02_16:10:01.jpg,meme
IMAGE_2020-04-02_16:17:08.jpg,meme
IMAGE_2020-04-02_16:17:20.jpg,meme
IMAGE_2020-04-02_16:12:04.jpg,meme
IMAGE_2020-04-02_16:13:45.jpg,meme
IMAGE_2020-04-02_16:17:23.jpg,meme
IMAGE_2020-04-02_16:11:43.jpg,meme
IMAGE_2020-04-02_16:10:03.jpg,meme
IMAGE_2020-04-02_16:20:38.jpg,meme
IMAGE_2020-04-02_16:08:11.jpg,meme
IMAGE_2020-04-02_16:11:24.jpg,meme
IMAGE_2020-04-02_16:16:10.jpg,meme
IMAGE_2020-04-02_16:11:31.jpg,meme
IMAGE_2020-04-02_16:08:38.jpg,meme
IMAGE_2020-04-02_16:12:48.jpg,meme
IMAGE_2020-04-02_16:13:08.jpg,meme
IMAGE_2020-04-02_16:21:51.jpg,meme
IMAGE_2020-04-02_16:21:47.jpg,meme
IMAGE_2020-04-02_16:13:36.jpg,meme
IMAGE_2020-04-02_16:09:52.jpg,meme
IMAGE_2020-04-02_16:22:16.jpg,meme
IMAGE_2020-04-02_16:15:57.jpg,meme
IMAGE_2020-04-02_16:08:06.jpg,meme
IMAGE_2020-04-02_16:11:27.jpg,meme
IMAGE_2020-04-02_16:16:12.jpg,meme
IMAGE_2020-04-02_16:16:06.jpg,meme
IMAGE_2020-04-02_16:20:12.jpg,meme
IMAGE_2020-04-02_16:14:02.jpg,meme
IMAGE_2020-04-02_16:21:42.jpg,meme
IMAGE_2020-04-02_16:13:33.jpg,meme
IMAGE_2020-04-02_16:17:57.jpg,meme
IMAGE_2020-04-02_16:20:16.jpg,meme
IMAGE_2020-04-02_16:15:52.jpg,meme
IMAGE_2020-04-02_16:11:22.jpg,meme
IMAGE_2020-04-02_16:11:36.jpg,meme
IMAGE_2020-04-02_16:16:02.jpg,meme
IMAGE_2020-04-02_16:17:42.jpg,meme
IMAGE_2020-04-02_16:22:12.jpg,meme
IMAGE_2020-04-02_16:09:54.jpg,meme
IMAGE_2020-04-02_16:10:49.jpg,meme
IMAGE_2020-04-02_16:08:28.jpg,meme
IMAGE_2020-04-02_16:11:34.jpg,meme
IMAGE_2020-04-02_16:16:15.jpg,meme
IMAGE_2020-04-02_16:15:50.jpg,meme
IMAGE_2020-04-02_16:20:28.jpg,meme
IMAGE_2020-04-02_16:20:14.jpg,meme
IMAGE_2020-04-02_16:17:55.jpg,meme
IMAGE_2020-04-02_16:14:04.jpg,meme
IMAGE_2020-04-02_16:21:59.jpg,meme
IMAGE_2020-04-02_16:13:14.jpg,meme
IMAGE_2020-04-02_16:09:58.jpg,meme
IMAGE_2020-04-02_16:18:08.jpg,meme
IMAGE_2020-04-02_16:11:10.jpg,meme
IMAGE_2020-04-02_16:08:19.jpg,meme
IMAGE_2020-04-02_16:08:31.jpg,meme
IMAGE_2020-04-02_16:20:24.jpg,meme
IMAGE_2020-04-02_16:22:21.jpg,meme
IMAGE_2020-04-02_16:13:01.jpg,meme
IMAGE_2020-04-02_16:16:33.jpg,meme
IMAGE_2020-04-02_16:16:26.jpg,meme
IMAGE_2020-04-02_16:18:23.jpg,meme
IMAGE_2020-04-02_16:13:12.jpg,meme
IMAGE_2020-04-02_16:16:36.jpg,meme
IMAGE_2020-04-02_16:11:16.jpg,meme
IMAGE_2020-04-02_16:08:23.jpg,meme
IMAGE_2020-04-02_16:12:53.jpg,meme
IMAGE_2020-04-02_16:10:42.jpg,meme
IMAGE_2020-04-02_16:13:05.jpg,meme
IMAGE_2020-04-02_16:22:19.jpg,meme
IMAGE_2020-04-02_16:20:34.jpg,meme
IMAGE_2020-04-02_16:08:35.jpg,meme
IMAGE_2020-04-02_16:11:14.jpg,meme
IMAGE_2020-04-02_16:16:08.jpg,meme
IMAGE_2020-04-02_16:18:31.jpg,meme
IMAGE_2020-04-02_16:12:50.jpg,meme
IMAGE_2020-04-02_16:20:21.jpg,meme
IMAGE_2020-04-02_16:10:55.jpg,meme
IMAGE_2020-04-02_16:13:38.jpg,meme
IMAGE_2020-04-02_16:21:12.jpg,meme
IMAGE_2020-04-02_16:10:26.jpg,meme
IMAGE_2020-04-02_16:12:37.jpg,meme
IMAGE_2020-04-02_16:10:19.jpg,meme
IMAGE_2020-04-02_16:17:38.jpg,meme
IMAGE_2020-04-02_16:20:45.jpg,meme
IMAGE_2020-04-02_16:20:51.jpg,meme
IMAGE_2020-04-02_16:12:08.jpg,meme
IMAGE_2020-04-02_16:08:50.jpg,meme
IMAGE_2020-04-02_16:16:45.jpg,meme
IMAGE_2020-04-02_16:11:58.jpg,meme
IMAGE_2020-04-02_16:08:45.jpg,meme
IMAGE_2020-04-02_16:17:05.jpg,meme
IMAGE_2020-04-02_16:21:38.jpg,meme
IMAGE_2020-04-02_16:21:00.jpg,meme
IMAGE_2020-04-02_16:10:34.jpg,meme
IMAGE_2020-04-02_16:17:29.jpg,meme
IMAGE_2020-04-02_16:20:54.jpg,meme
IMAGE_2020-04-02_16:08:41.jpg,meme
IMAGE_2020-04-02_16:12:19.jpg,meme
IMAGE_2020-04-02_16:23:11.jpg,meme
IMAGE_2020-04-02_16:15:05.jpg,meme
IMAGE_2020-04-02_16:17:14.jpg,meme
IMAGE_2020-04-02_16:17:00.jpg,meme
IMAGE_2020-04-02_16:10:09.jpg,meme
IMAGE_2020-04-02_16:10:23.jpg,meme
IMAGE_2020-04-02_16:17:16.jpg,meme
IMAGE_2020-04-02_16:20:57.jpg,meme
IMAGE_2020-04-02_16:18:52.jpg,meme
IMAGE_2020-04-02_16:16:43.jpg,meme
IMAGE_2020-04-02_16:14:46.jpg,meme
IMAGE_2020-04-02_16:21:16.jpg,meme
IMAGE_2020-04-02_16:28:17.jpg,art
IMAGE_2020-04-02_16:25:43.jpg,art
IMAGE_2020-04-02_16:31:22.jpg,art
IMAGE_2020-04-02_16:29:56.jpg,art
IMAGE_2020-04-02_16:27:47.jpg,art
IMAGE_2020-04-02_16:25:56.jpg,art
IMAGE_2020-04-02_16:26:07.jpg,art
IMAGE_2020-04-02_16:26:13.jpg,art
IMAGE_2020-04-02_16:26:39.jpg,art
IMAGE_2020-04-02_16:26:05.jpg,art
IMAGE_2020-04-02_16:26:11.jpg,art
IMAGE_2020-04-02_16:29:54.jpg,art
IMAGE_2020-04-02_16:30:49.jpg,art
IMAGE_2020-04-02_16:27:44.jpg,art
IMAGE_2020-04-02_16:27:50.jpg,art
IMAGE_2020-04-02_16:25:41.jpg,art
IMAGE_2020-04-02_16:31:20.jpg,art
IMAGE_2020-04-02_16:26:00.jpg,art
IMAGE_2020-04-02_16:32:49.jpg,art
IMAGE_2020-04-02_16:25:51.jpg,art
IMAGE_2020-04-02_16:25:45.jpg,art
IMAGE_2020-04-02_16:31:31.jpg,art
IMAGE_2020-04-02_16:31:25.jpg,art
IMAGE_2020-04-02_16:26:29.jpg,art
IMAGE_2020-04-02_16:26:15.jpg,art
IMAGE_2020-04-02_16:31:33.jpg,art
IMAGE_2020-04-02_16:29:52.jpg,art
IMAGE_2020-04-02_16:27:42.jpg,art
IMAGE_2020-04-02_16:25:53.jpg,art
IMAGE_2020-04-02_16:31:26.jpg,art
IMAGE_2020-04-02_16:26:02.jpg,art
IMAGE_2020-04-02_16:32:38.jpg,art
IMAGE_2020-04-02_16:26:59.jpg,art
IMAGE_2020-04-02_16:32:04.jpg,art
IMAGE_2020-04-02_16:27:25.jpg,art
IMAGE_2020-04-02_16:27:31.jpg,art
IMAGE_2020-04-02_16:30:14.jpg,art
IMAGE_2020-04-02_16:29:21.jpg,art
IMAGE_2020-04-02_16:27:18.jpg,art
IMAGE_2020-04-02_16:31:40.jpg,art
IMAGE_2020-04-02_16:25:21.jpg,art
IMAGE_2020-04-02_16:32:11.jpg,art
IMAGE_2020-04-02_16:29:23.jpg,art
IMAGE_2020-04-02_16:30:16.jpg,art
IMAGE_2020-04-02_16:27:27.jpg,art
IMAGE_2020-04-02_16:27:33.jpg,art
IMAGE_2020-04-02_16:31:43.jpg,art
IMAGE_2020-04-02_16:25:36.jpg,art
IMAGE_2020-04-02_16:32:06.jpg,art
IMAGE_2020-04-02_16:32:02.jpg,art
IMAGE_2020-04-02_16:27:37.jpg,art
IMAGE_2020-04-02_16:27:23.jpg,art
IMAGE_2020-04-02_16:25:33.jpg,art
IMAGE_2020-04-02_16:25:31.jpg,art
IMAGE_2020-04-02_16:27:08.jpg,art
IMAGE_2020-04-02_16:29:25.jpg,art
IMAGE_2020-04-02_16:30:38.jpg,art
IMAGE_2020-04-02_16:30:11.jpg,art
IMAGE_2020-04-02_16:29:18.jpg,art
IMAGE_2020-04-02_16:27:35.jpg,art
IMAGE_2020-04-02_16:27:21.jpg,art
IMAGE_2020-04-02_16:29:30.jpg,art
IMAGE_2020-04-02_16:25:24.jpg,art
IMAGE_2020-04-02_16:25:18.jpg,art
IMAGE_2020-04-02_16:26:50.jpg,art
IMAGE_2020-04-02_16:27:10.jpg,art
IMAGE_2020-04-02_16:29:15.jpg,art
IMAGE_2020-04-02_16:27:39.jpg,art
IMAGE_2020-04-02_16:29:28.jpg,art
IMAGE_2020-04-02_16:27:05.jpg,art
IMAGE_2020-04-02_16:25:28.jpg,art
IMAGE_2020-04-02_16:25:14.jpg,art
IMAGE_2020-04-02_16:26:45.jpg,art
IMAGE_2020-04-02_16:26:47.jpg,art
IMAGE_2020-04-02_16:25:16.jpg,art
IMAGE_2020-04-02_16:30:22.jpg,art
IMAGE_2020-04-02_16:24:43.jpg,art
IMAGE_2020-04-02_16:30:36.jpg,art
IMAGE_2020-04-02_16:25:07.jpg,art
IMAGE_2020-04-02_16:29:07.jpg,art
IMAGE_2020-04-02_16:29:13.jpg,art
IMAGE_2020-04-02_16:30:32.jpg,art
IMAGE_2020-04-02_16:24:46.jpg,art
IMAGE_2020-04-02_16:27:03.jpg,art
IMAGE_2020-04-02_16:25:12.jpg,art
IMAGE_2020-04-02_16:26:43.jpg,art
IMAGE_2020-04-02_16:32:36.jpg,art
IMAGE_2020-04-02_16:32:34.jpg,art
IMAGE_2020-04-02_16:26:41.jpg,art
IMAGE_2020-04-02_16:25:10.jpg,art
IMAGE_2020-04-02_16:29:10.jpg,art
IMAGE_2020-04-02_16:27:29.jpg,art
IMAGE_2020-04-02_16:30:18.jpg,art
IMAGE_2020-04-02_16:29:39.jpg,art
IMAGE_2020-04-02_16:27:14.jpg,art
IMAGE_2020-04-02_16:29:05.jpg,art
IMAGE_2020-04-02_16:29:11.jpg,art
IMAGE_2020-04-02_16:31:58.jpg,art
IMAGE_2020-04-02_16:25:39.jpg,art
IMAGE_2020-04-02_16:26:33.jpg,art
IMAGE_2020-04-02_16:31:17.jpg,art
IMAGE_2020-04-02_16:30:42.jpg,art
IMAGE_2020-04-02_16:26:26.jpg,art
IMAGE_2020-04-02_16:26:18.jpg,art
IMAGE_2020-04-02_16:26:24.jpg,art
IMAGE_2020-04-02_16:32:51.jpg,art
IMAGE_2020-04-02_16:32:45.jpg,art
IMAGE_2020-04-02_16:31:14.jpg,art
IMAGE_2020-04-02_16:31:28.jpg,art
IMAGE_2020-04-02_16:30:40.jpg,art
IMAGE_2020-04-02_16:30:55.jpg,art
IMAGE_2020-04-02_16:26:31.jpg,art
IMAGE_2020-04-02_16:28:20.jpg,art
IMAGE_2020-04-02_16:32:54.jpg,art
IMAGE_2020-04-02_16:26:35.jpg,art
IMAGE_2020-04-02_16:26:09.jpg,art
IMAGE_2020-04-02_16:30:51.jpg,art
IMAGE_2020-04-02_16:29:59.jpg,art
IMAGE_2020-04-02_16:31:04.jpg,art
IMAGE_2020-04-02_16:31:38.jpg,art
IMAGE_2020-04-02_16:32:41.jpg,art
IMAGE_2020-04-02_16:26:20.jpg,art
IMAGE_2020-04-02_16:32:43.jpg,art
IMAGE_2020-04-02_16:26:22.jpg,art
IMAGE_2020-04-02_16:31:12.jpg,art
IMAGE_2020-04-02_16:30:46.jpg,art
IMAGE_2020-04-02_16:30:53.jpg,art
IMAGE_2020-04-02_16:32:56.jpg,art
IMAGE_2020-04-02_16:26:37.jpg,art
